Id,TitleName,Description,ReleaseYear,AgeCertification,Runtime,ProductionCountry,Seasons
1,Cumque dolores illo.,Quaerat vel esse sint enim distinctio et excepturi deserunt asperiores aliquid odio quia voluptate aut.,2004,R21,94,CF,
2,Magni sint voluptate.,Enim ipsum voluptas molestias dolorem fuga praesentium incidunt aut qui consectetur ipsam dolor architecto blanditiis.,2005,U/A,136,SH,
3,Minima ipsum aspernatur.,Et aut dignissimos saepe dolorum blanditiis voluptas quis officia molestias facere sed vero esse consectetur.,1951,X18,91,TH,
4,Ut aut harum.,Eius culpa aliquam libero veniam dolor non rerum labore in est eaque perspiciatis fuga incidunt.,1982,TV-Y,195,PG,
5,Sed neque tempore.,Culpa et repellat rerum cumque voluptas vitae quia placeat asperiores incidunt eligendi explicabo et repellendus.,2008,M/PG,146,ET,
6,Dicta non consequatur.,Ratione laboriosam repellat incidunt quaerat repudiandae pariatur debitis debitis ipsa omnis architecto dolore a rerum.,1918,TV-PG,149,EC,
7,Est ullam reprehenderit.,Tempore architecto laborum sunt dolore voluptatem omnis dignissimos beatae ad ut et repellat sint facilis.,1904,MA15+,135,JP,
8,Laborum necessitatibus at.,Quia et est ratione eius porro iusto cum accusantium eum impedit ratione ea est qui.,1915,C,202,PA,
9,Aut dolore beatae.,Adipisci voluptatem eveniet omnis cumque eius impedit libero commodi laboriosam quod ratione officia cumque eos.,1964,18R,230,LS,
10,Consequuntur architecto et.,Quis quia provident quia deserunt eveniet est facere aliquam animi itaque iste ullam eos quos.,1974,CA,183,AT,
11,Id et sunt.,Ut vel ut minima nisi vel odio deserunt ullam neque porro voluptatem reiciendis iusto nihil.,1955,TV-G,89,GR,
12,Temporibus voluptatem est.,Eligendi aut expedita excepturi ut perspiciatis et est enim id ut sit aspernatur facere et.,1990,18,162,VA,
13,Sit et laborum.,Vel est autem ut delectus minus nemo corporis accusantium consequatur mollitia pariatur tenetur nihil harum.,1984,E,62,KP,
14,Voluptatum libero nemo.,Quam quo nemo dolore consequatur ducimus et ipsum nesciunt perspiciatis voluptate aut eos magnam quam.,2022,PG,158,NR,
15,Asperiores ex porro.,Quia non ex esse sit similique dolorem aut non sed sint eligendi et qui aut.,1952,6,94,SC,
16,Sequi dolorem quidem.,Voluptate debitis est quos quia quo totam autem et iure unde non dolores quidem numquam.,2017,TV-G,222,AI,2
17,Perspiciatis ab ducimus.,Quaerat nesciunt quibusdam dolorem nisi porro amet saepe quia autem commodi ducimus omnis explicabo numquam.,1993,E10+,212,JP,
18,Nihil est nihil.,Deleniti voluptatem fugiat ullam itaque quia debitis aut at aut non ea quo enim magni.,2000,C,71,AI,
19,Qui enim aliquam.,Corporis asperiores omnis dolores distinctio similique officia illo molestias et quos ut sit dolores dolorum.,1938,18R,69,CN,10
20,Fugit dolores molestiae.,Sint veritatis voluptates ipsam excepturi modi laborum necessitatibus perferendis aliquam velit iste nesciunt nobis accusamus.,2012,E,223,BQ,
21,Quia eum quam.,Ab est molestiae eveniet itaque ea dicta aspernatur fugit qui laudantium maxime perspiciatis et dolor.,1963,9,122,MX,
22,Distinctio sapiente possimus.,Impedit atque aperiam ad ut ut soluta minus ut odit voluptas quidem qui quod pariatur.,1943,AL,98,DM,
23,Voluptas soluta consequatur.,Soluta temporibus tenetur culpa rerum est voluptates et voluptas ullam eum sed totam distinctio porro.,1944,CA,121,BA,10
24,Qui aut quibusdam.,Rerum delectus et adipisci et exercitationem sapiente reiciendis consequuntur eum quia mollitia illo accusantium unde.,1915,R,236,MT,
25,Quia pariatur quo.,Voluptatem aut et ex neque aliquid ut voluptas id odit dicta omnis est et quod.,1985,E10+,188,CV,
26,Molestias qui eius.,Blanditiis et quia maiores perspiciatis id in enim maxime ipsa itaque vel repellat sint expedita.,1970,TV-Y,160,SO,
27,Dolor facilis magni.,Sed in illo alias possimus quam deleniti quibusdam ab voluptatibus voluptatibus et ut quia sint.,1908,X18,81,NR,
28,Ea soluta corporis.,Illum maxime dolores veritatis facere autem corporis est velit quo culpa dolore distinctio occaecati voluptatibus.,1981,U,134,BV,
29,Sit quod ut.,Aspernatur deserunt ut aperiam dolore qui placeat tenetur animi sed molestiae dolor eveniet cum sit.,1908,X18,185,WS,9
30,Voluptas enim cupiditate.,Laborum asperiores omnis quam qui corporis molestias recusandae non tempore quia magni recusandae omnis sit.,1940,PG,192,SJ,8
31,Non alias eum.,Et omnis sit vero voluptas occaecati deleniti non explicabo inventore omnis libero culpa quisquam impedit.,1900,PG-13,240,BT,
32,Dolor dolores iure.,Quo aut quae sed ut inventore maxime tempora id officia officia aut nisi impedit ex.,1917,TV-14,136,TG,
33,Quae rem minus.,Et labore tempore a ullam blanditiis ipsum nihil atque et officiis exercitationem esse iusto voluptates.,1953,MA15+,72,AU,
34,Aut rerum et.,Molestiae ea aut earum ut officiis architecto et et et quas qui quis facilis alias.,2009,18,163,LI,10
35,Quod consequatur a.,Accusamus ea delectus consequuntur debitis quod sint voluptatem aut repellat nihil quisquam accusantium quis at.,1905,R18,202,RE,
36,Ut asperiores ea.,Commodi consequatur sed et labore natus vel nulla voluptatum culpa suscipit quaerat cumque totam fugiat.,2009,CA,121,PY,4
37,Autem officiis et.,Rerum quibusdam architecto qui autem quibusdam blanditiis nostrum placeat accusantium quas similique nihil consequatur impedit.,2017,G,137,ME,
38,Quia aut debitis.,Illum officiis asperiores dolor voluptatem laudantium rerum dolorem et quidem aut inventore qui fuga itaque.,1946,R21,106,JM,
39,Excepturi reiciendis qui.,Doloremque enim distinctio est sequi eveniet ipsam ea ratione quisquam magnam totam debitis voluptates nihil.,1990,PG,200,MN,
40,Blanditiis qui doloremque.,Voluptatem quo doloribus voluptas quam ea in velit ea eius quia neque id et consectetur.,1995,TV-14,79,PY,
41,Totam eos dolor.,Quo nulla enim voluptatibus aut et temporibus deserunt quae iste alias deserunt quis omnis ipsa.,1927,E10+,92,ZW,
42,Est doloremque minus.,Cupiditate unde ut earum ut non rerum nesciunt non odio aliquid est voluptatem quibusdam ducimus.,1961,18R,218,SC,6
43,Sint voluptatibus animi.,Harum iure ea explicabo nobis est voluptatem qui ratione quis architecto quis temporibus veritatis ratione.,1980,15,141,NF,
44,Aut dolor voluptates.,Quo dolore hic adipisci nihil doloribus officiis occaecati voluptates ea et accusamus iusto adipisci beatae.,1906,R18+,206,GS,
45,Facere quia nihil.,Quam alias ut aperiam est est doloribus veritatis ducimus mollitia provident accusantium illo illum qui.,1945,TV-Y7,116,RE,
46,In et alias.,Eum sit voluptatem consequatur porro laudantium vero similique harum inventore deleniti optio aperiam eius nulla.,1953,G,239,KN,
47,Porro laborum modi.,Et enim nihil consectetur corrupti rerum ducimus perferendis eligendi voluptatem nulla corporis nihil voluptas sapiente.,1900,18R,232,TC,
48,Voluptatem sit quos.,Voluptatem recusandae et sit odit et veniam deleniti ab et eum quas consequatur at repellat.,1949,TV-G,189,FK,
49,Numquam nobis rerum.,In eaque rerum officia inventore eum totam quis numquam officia sunt amet delectus asperiores commodi.,2005,T,100,GU,
50,Facilis natus modi.,Modi aperiam tenetur possimus voluptas ut et et omnis ab consectetur sunt fugit quo consectetur.,1969,A,221,AG,
51,Non praesentium labore.,Sit quidem voluptates officia sapiente ut consequatur amet iusto autem deleniti iure est voluptas autem.,1905,18R,119,RW,6
52,Iusto veritatis rerum.,Consequatur sapiente neque sit consequatur animi iure rem accusantium libero pariatur qui quis est iste.,1978,NC-17,142,US,
53,Repudiandae laboriosam est.,Omnis facere qui doloremque quia excepturi nemo rem ullam quaerat consequatur asperiores ut officia natus.,1923,X18,223,GQ,8
54,Consequatur quia velit.,Eligendi laborum molestias molestias eaque incidunt temporibus est sed nisi ullam aspernatur ad aliquam et.,1987,R21,78,NE,3
55,Nobis dolores at.,Sed aut qui et cupiditate aut est blanditiis blanditiis placeat ut provident nihil sit voluptate.,1934,T,146,SZ,
56,Laborum ipsa voluptates.,Ea ut eius adipisci quaerat doloremque ratione dicta labore totam voluptatem est provident qui quis.,2018,TV-Y7,63,BE,
57,Nobis amet non.,Ut unde est in et eum tenetur aut quasi pariatur est ab aut qui autem.,1987,9,121,CY,
58,Reiciendis odit tenetur.,Laborum sequi dicta enim consequatur minima distinctio non ab ut et commodi in dicta aut.,1971,EC,133,JE,
59,Occaecati tempora quia.,Facilis est doloremque ipsa quasi distinctio est perspiciatis quidem consequatur fuga praesentium quod et aut.,1937,TV-MA,180,HN,
60,Vero reprehenderit laborum.,Reprehenderit rem et dolorem perferendis voluptatibus incidunt ducimus amet id qui et optio dolorum dolorem.,1975,TV-MA,118,TH,
61,Qui quia necessitatibus.,Eaque voluptate cumque ab officia consectetur a dolores enim expedita perferendis iure et molestiae rerum.,1912,X18,209,SN,
62,Quibusdam inventore ipsam.,Dolores vel quidem quod quidem consequatur qui ducimus delectus facilis atque quia nihil quas officiis.,2015,TV-MA,69,CO,
63,Rerum cupiditate eius.,Ab vel dicta ut voluptas eos et laboriosam possimus amet voluptatem et et ratione vero.,1949,C,85,KP,
64,Ipsum dolores expedita.,Necessitatibus quia aut autem veniam ut tempore perferendis voluptatem totam tempora corporis eum eos sunt.,1929,PG,185,DO,10
65,Eos a velit.,In fugiat dicta voluptate tenetur voluptate dolor sed voluptate qui laborum ipsam voluptatem sed quia.,2002,T,174,GD,
66,Qui dolorem praesentium.,Quo rem fugiat rerum explicabo aut nulla officiis blanditiis possimus numquam culpa vitae earum praesentium.,1977,U,110,ES,
67,Est aut ut.,Quisquam repudiandae quos veritatis minus nam explicabo minus voluptatem minus aliquam id consectetur sint dolore.,1907,MA15+,108,PG,
68,Eaque odio dolor.,Est totam magni natus enim nesciunt quia repudiandae itaque aut architecto vero sit recusandae dolores.,1946,MA15+,193,TO,
69,Illo eos et.,Sed minima voluptas magnam velit pariatur magnam vitae qui eaque quaerat veniam aut unde aut.,2002,E10+,177,BL,
70,Est similique qui.,Ut quis pariatur blanditiis dolorum numquam nemo aliquid aut omnis et illum aliquam dolores tenetur.,1991,18R,185,CD,
71,Molestias placeat consequatur.,Consequatur occaecati porro sit omnis laudantium velit ut consequatur unde maxime eum fugit corrupti ab.,1913,G,62,TF,8
72,Et adipisci maiores.,Praesentium quisquam eligendi quisquam eos labore labore iste animi velit et quae et blanditiis atque.,1980,18,62,NL,
73,Molestiae aut dignissimos.,Dolor dolorum voluptate inventore sed sapiente minima in praesentium eligendi quas et suscipit amet deserunt.,2011,C,102,PN,
74,Voluptas quisquam ea.,Quisquam quia et itaque sunt vel facilis at accusantium laboriosam ab vel aperiam assumenda itaque.,1995,TV-Y7,209,SL,
75,Consequuntur deserunt blanditiis.,Nam debitis recusandae est autem illo sapiente ad inventore necessitatibus veniam adipisci similique earum in.,2004,AL,185,CF,
76,Deserunt rerum non.,Saepe aut similique repellendus consectetur repellat quas vel at atque quas enim quidem et debitis.,1904,NC-17,172,OM,
77,Hic officiis officiis.,Omnis veritatis voluptatum explicabo voluptatem consequuntur dicta architecto dicta quia vitae quis omnis aperiam corrupti.,1992,CA,140,BQ,
78,Alias iure voluptatibus.,Magni omnis aut alias occaecati nam et voluptatem architecto alias ex animi sunt aliquid provident.,1954,NC-17,155,TW,
79,Hic est eum.,Et quam corrupti aut fuga qui vel vel numquam iure aliquid vel voluptas voluptatem voluptatem.,1915,M/PG,163,NL,
80,Consectetur ipsum velit.,Quaerat aperiam deleniti sed ullam soluta tenetur ipsa eos temporibus ut sint quod dolor dolores.,1968,T,190,AQ,
81,Qui delectus non.,Doloremque sed adipisci et quia odio qui et ducimus possimus et non deserunt in quis.,1969,M,222,US,
82,Amet reprehenderit cupiditate.,Voluptas voluptatem assumenda mollitia ea consequatur sunt occaecati qui voluptas aut aliquam provident vel id.,1905,TV-14,141,BB,
83,Vitae reprehenderit beatae.,Odit nostrum voluptatum esse cupiditate qui quam aliquid perspiciatis animi corporis ratione incidunt similique nisi.,1997,AL,92,HK,
84,Quam aut rerum.,Ea dolor molestiae est vel est soluta consequuntur quod quasi voluptatem quidem incidunt et ipsum.,1956,R21,94,AZ,
85,Eligendi possimus ut.,Inventore et doloremque magni aliquam fugit aut ut labore dolorum ratione sint tempora consequuntur dolores.,1929,E10+,135,MO,5
86,Ex debitis delectus.,Ut est beatae nihil sint aliquid dignissimos pariatur soluta sequi asperiores et provident fugiat perspiciatis.,1966,TV-G,126,BJ,
87,Debitis aut impedit.,Officia placeat consequatur sunt sequi eius aut modi iusto facilis repudiandae doloribus veniam et nihil.,1983,PG-13,219,LI,4
88,Dolor quisquam nam.,Laudantium molestias quasi vero ipsum aut dolorem ut consequatur quisquam dicta est modi quia officiis.,1980,U/A,155,GU,
89,At facilis vel.,Iste omnis ut vitae quaerat ullam dolorem tenetur amet voluptate facere beatae officiis harum voluptates.,1927,E,100,KZ,
90,Molestiae aut ea.,Minus ullam consequuntur et corrupti quia esse quod natus expedita natus voluptate voluptatem sint ipsum.,1952,E,67,NL,
91,Ab laborum eligendi.,Praesentium id mollitia velit et exercitationem quo quod sint iure nihil voluptatem hic placeat placeat.,1950,TV-MA,230,TC,
92,Omnis laborum et.,Suscipit dolorum suscipit debitis et nam perspiciatis quo possimus sed et iure quod porro harum.,1991,PG,145,BE,
93,Occaecati molestiae qui.,Quia dolores excepturi tempore sint sed earum iusto corporis eveniet earum voluptatem quod ipsum deserunt.,2009,TV-Y7,130,RU,
94,Sequi animi a.,Error nulla sit voluptatem similique ratione facilis odit ipsa recusandae sapiente provident quod odit vel.,1910,S,65,KI,9
95,Quos sed possimus.,Error doloremque explicabo provident quis corrupti deleniti sed illum distinctio ipsam corporis eius nisi rem.,1925,R18+,65,FM,8
96,Neque commodi autem.,Voluptatem repellendus rerum accusantium nisi nobis esse aut ex iste qui facere dolores velit deleniti.,2005,R18,166,JP,
97,Ut delectus unde.,Illum aut reiciendis et ut rem est sed non nemo voluptatem iusto quis repudiandae aut.,2022,R,211,AU,
98,Temporibus quis totam.,Est nostrum aut et labore ipsam autem eligendi quidem consectetur iusto animi quae eum nisi.,1901,PG,204,SG,
99,Similique numquam voluptatibus.,Expedita dignissimos eveniet suscipit saepe repellat incidunt porro ut omnis tempore minus numquam reiciendis nesciunt.,1965,GP,222,CZ,
100,Eligendi modi et.,Aspernatur ut eos sit dignissimos rerum repudiandae et minus doloribus laboriosam est iusto aliquid facere.,1970,EC,151,MS,
101,Quas provident delectus.,Quas minima similique beatae neque sint magnam repudiandae reprehenderit voluptate ea quibusdam similique voluptas natus.,2016,PG-13,78,UZ,
102,Tempore non cupiditate.,Est eos deserunt architecto sapiente minus amet qui quasi et sapiente repellat nisi autem suscipit.,2012,R16,147,PS,
103,Quaerat atque modi.,Iusto quis sint sequi quis atque earum mollitia quis ipsum eius enim aperiam rerum sint.,1980,9,144,PK,
104,Minus ratione modi.,Rerum voluptatem dolores mollitia aut suscipit eius aliquam doloremque harum dolorem sapiente blanditiis non dolores.,1924,18R,206,CZ,
105,Consectetur omnis et.,Enim deleniti rerum cupiditate provident aut vitae natus quos eligendi ut recusandae in voluptates quae.,1971,R18+,216,BB,
106,Minus incidunt distinctio.,Temporibus et et unde in non vero quae excepturi harum perferendis accusamus consequatur dolores autem.,1930,18R,152,SO,
107,Eaque laborum nemo.,Totam suscipit voluptatem sunt vitae harum quidem et nesciunt eos quod quae repellat est ullam.,1936,EC,116,GR,
108,Voluptatem aut hic.,Voluptates quam id qui doloribus eum omnis et consequuntur ipsum minima ut doloremque et id.,1944,E10+,236,AW,
109,Similique et consequatur.,Fuga unde omnis libero ab impedit sit et maiores alias delectus odio tempora fuga iste.,1986,6,195,TV,4
110,Doloribus voluptatem suscipit.,Hic qui iusto qui reprehenderit nostrum facilis est consequatur et nostrum beatae iusto quo nam.,1951,C,197,YE,1
111,A itaque aut.,Consequuntur quia eos debitis blanditiis ut illum magni et in quis doloremque recusandae amet quia.,1980,G,103,SO,
112,Quia distinctio totam.,Quod occaecati quidem aut suscipit ipsam odio illo iusto qui perferendis sint aut illo numquam.,2013,G,162,YT,
113,Qui architecto architecto.,In voluptatem adipisci adipisci veniam autem et molestiae ipsam ut quod aut at asperiores rerum.,1959,TV-G,226,BQ,
114,Eveniet optio voluptatem.,Porro ipsam dolorum laboriosam praesentium at voluptate incidunt eos et dolore suscipit in assumenda nihil.,1919,TV-G,205,HR,
115,Id beatae facere.,Deleniti voluptates veritatis ducimus perspiciatis magnam dolorum et blanditiis praesentium quae quia earum id est.,2013,EC,107,RO,3
116,Nihil aperiam architecto.,Laboriosam consequatur exercitationem voluptas sit ratione vel aut qui velit illum sed facilis voluptatum et.,1995,TV-Y7,71,DE,
117,Laboriosam qui totam.,Fuga consequatur qui est ea et eius quia in inventore aliquam incidunt laboriosam voluptatem numquam.,1966,M/PG,201,FO,
118,Dolorem sed magni.,Laborum soluta placeat molestiae eveniet ut sapiente provident quibusdam velit quia placeat sint assumenda ipsa.,1985,PG,156,CC,
119,Vel nobis ab.,Explicabo exercitationem sit deleniti sapiente explicabo nobis reprehenderit esse mollitia odio ut quo distinctio voluptatem.,1935,MA15+,172,SK,3
120,Commodi numquam itaque.,Aperiam porro ratione ipsum a amet deserunt animi voluptate qui praesentium incidunt fugit porro corporis.,2010,18R,192,IE,
121,Pariatur velit velit.,Architecto aspernatur voluptatem numquam quod sapiente ut sed nihil harum ipsa aut labore deleniti sit.,2001,C,79,ES,10
122,Reprehenderit dolor officiis.,Aliquid sint adipisci quis repellat ex in quae sed et aspernatur nihil commodi pariatur nobis.,1949,E,146,MN,
123,Aut accusamus veniam.,Voluptas laboriosam molestiae suscipit sit autem laboriosam consequatur et non et praesentium assumenda dignissimos est.,1972,C,147,IE,
124,Qui inventore incidunt.,Laboriosam ea quam quia ut sed totam enim sit quod excepturi vitae repudiandae a occaecati.,1904,R16,159,TG,
125,Quia quo molestias.,Consectetur nemo quasi odit aut illum vitae sed dolorem iure ipsam accusantium cupiditate voluptatum veniam.,2000,12,83,GR,
126,Quo animi aut.,Esse et expedita architecto qui ut vel dolores voluptatem laudantium dolorum laboriosam impedit esse omnis.,1955,X18,232,GA,
127,Ex ipsum voluptas.,Ut eos velit sapiente delectus ullam numquam rerum in quas eum id rerum ad ut.,1901,NC-17,199,MT,
128,Sit perspiciatis iure.,Alias non sapiente harum sed ullam totam corporis magni voluptatem quidem repellat et ea aut.,1954,18,185,LU,10
129,Adipisci illum molestias.,Officiis soluta at quasi tempora quos minima ea aliquam molestiae quis dicta tenetur maxime illo.,1990,15,229,LC,
130,Doloribus deleniti quas.,A ipsum aliquam illo eos sunt reprehenderit maxime ut est dolor voluptate explicabo reiciendis dignissimos.,1910,T,129,TN,
131,Qui consequatur provident.,Velit vel repellat dolorem repellat illum natus voluptatem veniam aut sint omnis blanditiis tenetur cumque.,1983,M/PG,141,IM,
132,Ab autem porro.,Labore dolorem doloremque voluptas repellat consectetur non nam molestiae ea rerum dolores vel nemo qui.,1974,S,180,NP,2
133,Adipisci aut et.,Voluptas sunt est est quidem quod quod modi vitae officiis et voluptas sint culpa ea.,1972,A,204,FR,
134,Ex enim nulla.,Consequuntur voluptatem excepturi sunt ut voluptate et aperiam ut numquam occaecati corrupti quo delectus deserunt.,1960,R,180,DK,
135,Porro iste similique.,Itaque nihil et sed similique sit voluptatibus voluptas aliquam vitae quos voluptatem ducimus qui magni.,1973,E10+,118,TM,
136,Architecto labore id.,Eum quo veritatis nemo saepe possimus repudiandae odit necessitatibus nisi quia qui quidem nam debitis.,1916,AL,100,GD,
137,Alias rerum voluptatem.,Veniam voluptatem error aut quidem eveniet aperiam quaerat architecto voluptas eos molestiae saepe possimus molestiae.,2008,TV-Y,64,ME,
138,Qui perspiciatis asperiores.,Ipsam vel quae et sapiente doloribus nihil voluptas accusantium deleniti rem asperiores id distinctio ipsa.,1970,18R,66,BE,
139,Sed qui expedita.,Minus architecto quos error omnis eligendi blanditiis rerum ea voluptate enim quos sit ut consectetur.,2000,12,225,YT,
